{
  "main.py": 1775074547.9502296,
  "src/__init__.py": 1771308706.0,
  "src/exceptions.py": 1775139391.6510038,
  "src/server.py": 1775848044.5766742,
  "src/cli.py": 1775848044.573513,
  "src/handlers.py": 1775067214.7804377,
  "src/config.py": 1775848044.5737152,
  "src/lifespan.py": 1775076018.2446377,
  "src/constants/__init__.py": 1775139391.6506267,
  "src/constants/regex.py": 1775848044.573938,
  "src/constants/messages.py": 1775139391.6506267,
  "src/constants/config.py": 1771308706.0,
  "src/auth/dependencies.py": 1775290370.7577326,
  "src/auth/__init__.py": 1775139391.6476343,
  "src/auth/middleware.py": 1775139391.6489148,
  "src/auth/blocklist.py": 1775287931.009651,
  "src/auth/role_types.py": 1775139391.6492088,
  "src/auth/permissions.py": 1775139391.6492088,
  "src/auth/jwt.py": 1775290370.7567325,
  "src/auth/schemas.py": 1775293557.8206367,
  "src/utils/__init__.py": 1775067497.439939,
  "src/utils/http_client.py": 1775069044.5089889,
  "src/utils/encryption.py": 1775067147.920504,
  "src/utils/cookies.py": 1775139391.6512575,
  "src/utils/validation.py": 1775070307.9761226,
  "src/utils/s3_client.py": 1775848044.5766742,
  "src/utils/webhook.py": 1775069044.5679913,
  "src/utils/scheduler.py": 1775067163.10647,
  "src/utils/file_validation.py": 1775848044.5766742,
  "src/utils/schema.py": 1775067147.7795053,
  "src/db/base.py": 1775293555.5666108,
  "src/db/__init__.py": 1775069044.3139808,
  "src/db/model_registry.py": 1775848044.5742953,
  "src/db/session.py": 1775067023.7369466,
  "src/db/redis.py": 1775067023.904918,
  "src/apps/__init__.py": 1775144096.5768301,
  "src/apps/event/urls.py": 1775848044.5666742,
  "src/apps/event/__init__.py": 1775848044.5655978,
  "src/apps/event/exceptions.py": 1775848044.565674,
  "src/apps/event/response.py": 1775848044.565674,
  "src/apps/event/enums.py": 1775848044.565674,
  "src/apps/event/service.py": 1775848044.5666742,
  "src/apps/event/repository.py": 1775848044.565674,
  "src/apps/event/request.py": 1775848044.565674,
  "src/apps/event/models.py": 1775848044.565674,
  "src/apps/user/urls.py": 1775293612.0843809,
  "src/apps/user/__init__.py": 1775144045.0558324,
  "src/apps/user/exceptions.py": 1775293594.591428,
  "src/apps/user/response.py": 1775069891.2645516,
  "src/apps/user/enums.py": 1775848044.5726743,
  "src/apps/user/service.py": 1775293605.8437502,
  "src/apps/user/repository.py": 1775293637.7999063,
  "src/apps/user/request.py": 1775848044.5726743,
  "src/apps/user/models.py": 1775139391.6460185,
  "src/apps/organizer/urls.py": 1775848044.5696743,
  "src/apps/organizer/__init__.py": 1775848044.5676742,
  "src/apps/organizer/exceptions.py": 1775848044.568674,
  "src/apps/organizer/response.py": 1775848044.5696743,
  "src/apps/organizer/enums.py": 1775848044.5676742,
  "src/apps/organizer/service.py": 1775848044.5696743,
  "src/apps/organizer/repository.py": 1775848044.5696743,
  "src/apps/organizer/request.py": 1775848044.5696743,
  "src/apps/organizer/models.py": 1775848044.569138,
  "src/apps/ticketing/urls.py": 1775848044.5722938,
  "src/apps/ticketing/__init__.py": 1775848044.5706742,
  "src/apps/ticketing/exceptions.py": 1775848044.5712667,
  "src/apps/ticketing/response.py": 1775848044.5722938,
  "src/apps/ticketing/enums.py": 1775848044.5712667,
  "src/apps/ticketing/service.py": 1775848044.5722938,
  "src/apps/ticketing/repository.py": 1775848044.5717094,
  "src/apps/ticketing/request.py": 1775848044.5717094,
  "src/apps/ticketing/models.py": 1775848044.5717094,
  "src/apps/guest/urls.py": 1775290675.7046828,
  "src/apps/guest/__init__.py": 1775284908.6263843,
  "src/apps/guest/exceptions.py": 1775160672.1729267,
  "src/apps/guest/response.py": 1775285610.773978,
  "src/apps/guest/enums.py": 1775848044.5666742,
  "src/apps/guest/service.py": 1775293654.3709953,
  "src/apps/guest/repository.py": 1775293647.5223682,
  "src/apps/guest/request.py": 1775848044.5666742,
  "src/apps/guest/models.py": 1775160667.0138543,
  "src/migrations/env.py": 1775848044.5747159,
  "src/migrations/seeder.py": 1771308706.0,
  "src/migrations/versions/b27c8820610c_add_guests_table.py": 1775161367.8654714,
  "src/migrations/versions/05160b3cd708_.py": 1775139909.4512608,
  "src/migrations/versions/d5ede614f47b_.py": 1775848044.5756743,
  "src/migrations/versions/479742328475_.py": 1775848044.5747159,
  "src/migrations/versions/91180041173a_add_phase_one_event_tables.py": 1775848044.575246,
  "src/migrations/versions/9bf5b22783b2_convert_string_columns_to_enum_types.py": 1775848044.5756311,
  "src/migrations/versions/ea0828634684_add_is_published_field_to_events_table.py": 1775848044.5756743,
  "src/migrations/versions/cb3302c251d1_add_scan_status_history_table.py": 1775848044.5756743,
  "tests/conftest.py": 1775139391.6512575,
  "tests/utils/test_file_validation.py": 1775848044.5806744,
  "tests/utils/test_s3_client.py": 1775848044.581123,
  "tests/apps/event/test_event_urls.py": 1775848044.5787272,
  "tests/apps/event/test_event_media_urls.py": 1775848044.5776744,
  "tests/apps/event/test_event_service.py": 1775848044.5782585,
  "tests/apps/event/test_phase_1b_workflow.py": 1775848044.5792284,
  "tests/apps/event/test_app_bootstrap.py": 1775848044.5776703,
  "tests/apps/user/test_user_service.py": 1775293622.9647477,
  "tests/apps/user/test_user_urls.py": 1775293627.8574674,
  "tests/apps/organizer/test_organizer_service.py": 1775848044.5792284,
  "tests/apps/organizer/test_organizer_media_integration.py": 1775848044.5792284,
  "tests/apps/organizer/test_organizer_service_media.py": 1775848044.5796742,
  "tests/apps/organizer/test_organizer_media_urls.py": 1775848044.5792284,
  "tests/apps/organizer/test_organizer_urls.py": 1775848044.5796742,
  "tests/apps/ticketing/test_ticketing_urls.py": 1775848044.5796742,
  "tests/apps/ticketing/test_ticketing_service.py": 1775848044.5796742,
  "tests/apps/guest/__init__.py": 1775161521.9170372,
  "tests/apps/guest/test_guest_integration.py": 1775161799.6147811,
  "tests/apps/guest/test_guest_service.py": 1775293664.7464404,
  "tests/unit/auth/test_refresh_request_schema.py": 1775293563.3437004,
  "tests/unit/auth/test_blocklist.py": 1775288820.4270856,
  "tests/unit/db/test_uuid_primary_key.py": 1775293575.9608467,
  "tests/unit/db/test_model_registry.py": 1775848044.5806744,
  "README.md": 1775076817.9177105,
  "CLAUDE.md": 1775889343.011358,
  "docs/organizer_2026_04_10_maya_patel_test.md": 1775848044.5577004,
  "docs/organizer_media_test_2026_04_10.md": 1775848044.5577004,
  "docs/ticket-scanning-flow-not-yet-finalized.md": 1775848044.5646741,
  "docs/codex-phase-0-chat.md": 1775330613.731348,
  "docs/guest-feature.md": 1775157801.7741733,
  "docs/user-guest-auth.md": 1775295543.5568833,
  "docs/organizer.md": 1775848044.5577004,
  "docs/user-feature.md": 1775157801.7688756,
  "docs/plans/2026-04-10-increase-ticket-allocation-quantity.md": 1775848044.5577004,
  "docs/interactions/api-testing-session.md": 1775848044.556674,
  "docs/sprint-planning/platform-introduction.md": 1775149091.8703117,
  "docs/sprint-planning/phase-planning.md": 1775848044.559674,
  "docs/sprint-planning/implementations/phase-1-organizer-frontend-backend-flow.md": 1775848044.559674,
  "docs/chats/2026-04-10-media-upload-testing-session.md": 1775848044.555674,
  "docs/chats/2026_04_10_organizer_media_upload_testing.md": 1775848044.556354,
  "docs/chats/2026-04-10-organizer-ticket-ownership.md": 1775848044.556354,
  "docs/schemas/base.md": 1775848044.5592895,
  "docs/superpowers/plans/2026-04-05-phase-1-fastapi-app-plan.md": 1775848044.5607097,
  "docs/superpowers/plans/2026-04-04-user-guest-api-fixes.md": 1775293330.1741064,
  "docs/superpowers/plans/2026-04-05-phase-1b-organizer-workflow.md": 1775848044.5614972,
  "docs/superpowers/plans/2026-04-03-guest-module.md": 1775284908.6263843,